<?xml version="1.0" encoding="UTF-8"?><rss version="2.0"
	xmlns:content="http://purl.org/rss/1.0/modules/content/"
	xmlns:wfw="http://wellformedweb.org/CommentAPI/"
	xmlns:dc="http://purl.org/dc/elements/1.1/"
	xmlns:atom="http://www.w3.org/2005/Atom"
	xmlns:sy="http://purl.org/rss/1.0/modules/syndication/"
	xmlns:slash="http://purl.org/rss/1.0/modules/slash/"
	
	xmlns:georss="http://www.georss.org/georss"
	xmlns:geo="http://www.w3.org/2003/01/geo/wgs84_pos#"
	>

<channel>
	<title>Prodotti &#8211; air up shop</title>
	<atom:link href="./index.html" rel="self" type="application/rss+xml" />
	<link>./../../index.html</link>
	<description></description>
	<lastBuildDate>Wed, 22 Mar 2023 15:50:02 +0000</lastBuildDate>
	<language>it-IT</language>
	<sy:updatePeriod>
	hourly	</sy:updatePeriod>
	<sy:updateFrequency>
	1	</sy:updateFrequency>
	<generator>https://wordpress.org/?v=6.1.1</generator>
	<item>
		<title>Pod Anguria</title>
		<link>./../../prodotto/pod-anguria/index.html</link>
					<comments>./../../prodotto/pod-anguria/index.html#respond</comments>
		
		<dc:creator><![CDATA[dorin]]></dc:creator>
		<pubDate>Tue, 21 Mar 2023 14:56:14 +0000</pubDate>
				<guid isPermaLink="false">./../../index.html?post_type=product#038;p=73</guid>

					<description><![CDATA[<h4>Pod air up® al gusto di <b>all'anguria </b>(3-confezioni) – <b>Il cuore unico dell'anguria</b></h4>]]></description>
										<content:encoded><![CDATA[<div class="handle_product_description__sRqWT">
<p>L&#8217;interno dell&#8217;anguria ha uno dei gusti più deliziosi, rinfrescanti ed unici che ci siano. Ecco,il nostro nuovissimo Pod sprigona il gustosissimo sapore dell&#8217;anguria, senza la fatica di doverlo fare a fette! Con questa confezione da 3 Pod, puoi trasformare almeno 15 litri di semplice acqua in una bevanda dal gusto unico di anguria. Inoltre, la nostra confezione è mille volte più facile da aprire!</p>
<div class="builder-block builder-f709057c38e74ec4b32c8ad7ec2583cc css-0">
<div class="builder-block builder-a31fb597e68b464e8147c2ddb41a13f3 builder-has-component css-0">
<div class="">
<p><strong>Nota bene:</strong> Conservare in un luogo fresco ed asciutto. Da utilizzare esclusivamente con la bottiglia air up® e acqua.</p>
</div>
</div>
</div>
<div class="builder-block builder-b540a2647edd4c9bbfd739bcacc2a615 builder-has-component css-0"></div>
</div>
<div class="builder-component builder-component-7c38a5576ea021d6bd355dcb27a8cf1324bbea67929b2596f7b68caba7cc775b" data-name="section-template-detail-page" data-source="Rendered by Builder.io">
<div class="builder-content">
<div data-builder-component="section-template-detail-page" data-builder-content-id="7c38a5576ea021d6bd355dcb27a8cf1324bbea67929b2596f7b68caba7cc775b" data-builder-variation-id="7c38a5576ea021d6bd355dcb27a8cf1324bbea67929b2596f7b68caba7cc775b">
<div class="builder-blocks css-h47494">
<div class="builder-block builder-3bd036e975db4999a1f0cc5f1b74e88e builder-has-component css-1pqtj1z"></div>
</div>
</div>
</div>
</div>
]]></content:encoded>
					
					<wfw:commentRss>./../../prodotto/pod-anguria/feed/index.html</wfw:commentRss>
			<slash:comments>0</slash:comments>
		
		
			</item>
		<item>
		<title>Pod Tè alla pesca</title>
		<link>./../../prodotto/pod-te-alla-pesca/index.html</link>
					<comments>./../../prodotto/pod-te-alla-pesca/index.html#respond</comments>
		
		<dc:creator><![CDATA[dorin]]></dc:creator>
		<pubDate>Tue, 21 Mar 2023 14:53:53 +0000</pubDate>
				<guid isPermaLink="false">./../../index.html?post_type=product#038;p=70</guid>

					<description><![CDATA[<h4>Pod air up® al gusto di Tè alla pesca (confezione da 3) - Grinta Estiva</h4>]]></description>
										<content:encoded><![CDATA[<ul>
<li>100% aromi naturali.</li>
<li>I Pod sono realizzati con materiali riciclabili.</li>
<li>Pod: in materiali riciclabili. Ogni Pod contiene al suo interno un tessuto imbevuto di un&#8217;aroma naturale.</li>
<li>Aroma: tutti gli aromi sono prodotti in Germania.</li>
</ul>
]]></content:encoded>
					
					<wfw:commentRss>./../../prodotto/pod-te-alla-pesca/feed/index.html</wfw:commentRss>
			<slash:comments>0</slash:comments>
		
		
			</item>
		<item>
		<title>Pod ai frutti di bosco</title>
		<link>./../../prodotto/pod-al-ribes-nero/index.html</link>
					<comments>./../../prodotto/pod-al-ribes-nero/index.html#respond</comments>
		
		<dc:creator><![CDATA[dorin]]></dc:creator>
		<pubDate>Tue, 21 Mar 2023 14:49:57 +0000</pubDate>
				<guid isPermaLink="false">./../../index.html?post_type=product#038;p=68</guid>

					<description><![CDATA[<h4>Pod air up® al gusto di frutti di bosco (3x) - Lavanda di Provenza</h4>]]></description>
										<content:encoded><![CDATA[<div class="handle_product_description__sRqWT">Una confezione da 3 Pod che aggiunge il gusto dei frutti di bosco ad almeno 15 litri d’acqua.</div>
<div class="builder-component builder-component-7c38a5576ea021d6bd355dcb27a8cf1324bbea67929b2596f7b68caba7cc775b" data-name="section-template-detail-page" data-source="Rendered by Builder.io">
<div class="builder-content">
<div data-builder-component="section-template-detail-page" data-builder-content-id="7c38a5576ea021d6bd355dcb27a8cf1324bbea67929b2596f7b68caba7cc775b" data-builder-variation-id="7c38a5576ea021d6bd355dcb27a8cf1324bbea67929b2596f7b68caba7cc775b">
<div class="builder-blocks css-h47494">
<div class="builder-block builder-3bd036e975db4999a1f0cc5f1b74e88e builder-has-component css-1pqtj1z">
<ul>
<li>100% aromi naturali.</li>
<li>I Pod sono realizzati con materiali riciclabili.</li>
<li>Pod: in materiali riciclabili. Ogni Pod contiene al suo interno un tessuto imbevuto di un&#8217;aroma naturale.</li>
<li>Aroma: tutti gli aromi sono prodotti in Germania.</li>
</ul>
</div>
</div>
</div>
</div>
</div>
]]></content:encoded>
					
					<wfw:commentRss>./../../prodotto/pod-al-ribes-nero/feed/index.html</wfw:commentRss>
			<slash:comments>0</slash:comments>
		
		
			</item>
		<item>
		<title>Bottiglia d&#8217;acqua Air up</title>
		<link>./../../prodotto/bottiglia-dacqua-air-up-3/index.html</link>
					<comments>./../../prodotto/bottiglia-dacqua-air-up-3/index.html#respond</comments>
		
		<dc:creator><![CDATA[dorin]]></dc:creator>
		<pubDate>Tue, 21 Mar 2023 14:44:14 +0000</pubDate>
				<guid isPermaLink="false">./../../index.html?post_type=product#038;p=66</guid>

					<description><![CDATA[<div>
<div class="vim x-item-title" data-testid="x-item-title">
<h1 class="x-item-title__mainTitle"><span class="ux-textspans ux-textspans--BOLD">Air Up !! Borraccia verde Da 650ml + 3 Pods in omaggio Al limone !</span></h1>
</div>
</div>
<div class=""></div>]]></description>
										<content:encoded><![CDATA[<ul class="a-unordered-list a-vertical a-spacing-mini">
<li><span class="a-list-item">Realizzato in PC alimentare di alta qualità, riutilizzabile, sicuro e sano.</span></li>
<li><span class="a-list-item">La bottiglia d&#8217;acqua profuma la tua acqua, permettendoti di bere di più e raggiungere i tuoi obiettivi di fitness.</span></li>
<li><span class="a-list-item">Contiene 3 confezioni di aromi, perfette per bevande rinfrescanti e salutari.</span></li>
<li><span class="a-list-item">La bottiglia d&#8217;acqua è dotata di un blocco di sicurezza e di un cappuccio ribaltabile per tenere fuori la polvere e prevenire fuoriuscite.</span></li>
<li><span class="a-list-item">datto per alpinismo, corsa, fitness, yoga, ciclismo, guida a lunga distanza, viaggi, passeggiate, ecc.</span></li>
</ul>
]]></content:encoded>
					
					<wfw:commentRss>./../../prodotto/bottiglia-dacqua-air-up-3/feed/index.html</wfw:commentRss>
			<slash:comments>0</slash:comments>
		
		
			</item>
		<item>
		<title>Bottiglia d&#8217;acqua Air up</title>
		<link>./../../prodotto/bottiglia-dacqua-air-up-2/index.html</link>
					<comments>./../../prodotto/bottiglia-dacqua-air-up-2/index.html#respond</comments>
		
		<dc:creator><![CDATA[dorin]]></dc:creator>
		<pubDate>Tue, 21 Mar 2023 14:40:51 +0000</pubDate>
				<guid isPermaLink="false">./../../index.html?post_type=product#038;p=63</guid>

					<description><![CDATA[<div>
<div class="vim x-item-title" data-testid="x-item-title">
<h1 class="x-item-title__mainTitle"><span class="ux-textspans ux-textspans--BOLD">Air Up Originale !! Borraccia Azzurra Da 650ml + 3 Pods in omaggio Alla Pesca !</span></h1>
</div>
</div>
<div class=""></div>]]></description>
										<content:encoded><![CDATA[<h1 id="title" class="a-size-large a-spacing-none"><span id="productTitle" class="a-size-large product-title-word-break">Bottiglia d&#8217;acqua Air Up da 650 ml con 3 baccelli di sapore, bottiglia d&#8217;acqua profumata alla frutta con cannuccia, bottiglia d&#8217;acqua aromatizzata per la perdita di peso, 0 zucchero 0 calorie</span></h1>
]]></content:encoded>
					
					<wfw:commentRss>./../../prodotto/bottiglia-dacqua-air-up-2/feed/index.html</wfw:commentRss>
			<slash:comments>0</slash:comments>
		
		
			</item>
		<item>
		<title>Bottiglia d&#8217;acqua Air Up</title>
		<link>./../../prodotto/bottiglia-dacqua-air-up/index.html</link>
					<comments>./../../prodotto/bottiglia-dacqua-air-up/index.html#respond</comments>
		
		<dc:creator><![CDATA[dorin]]></dc:creator>
		<pubDate>Tue, 21 Mar 2023 14:29:12 +0000</pubDate>
				<guid isPermaLink="false">./../../index.html?post_type=product#038;p=49</guid>

					<description><![CDATA[<div id="title_feature_div" class="celwidget" data-feature-name="title" data-csa-c-type="widget" data-csa-c-content-id="title" data-csa-c-slot-id="title_feature_div" data-csa-c-asin="B0BXSRSC6K" data-csa-c-is-in-initial-active-row="false" data-csa-c-id="6vijge-oxia32-evkn4m-sldkvf" data-cel-widget="title_feature_div">
<div id="titleSection" class="a-section a-spacing-none">
<h1 id="title" class="a-size-large a-spacing-none"><span id="productTitle" class="a-size-large product-title-word-break">Bottiglia d'acqua Air Up con 2 pezzi Air Up Pods &#124; Borraccia Air Up 650ml &#124; Air Up Flavor Water Bottles, Air-Up Water Bottle, Airup Water Bottle Starter Set, Borracce per Palestra Fitness Scuola</span></h1>
</div>
</div>
<div id="qpeTitleTag_feature_div" class="celwidget" data-feature-name="qpeTitleTag" data-csa-c-type="widget" data-csa-c-content-id="qpeTitleTag" data-csa-c-slot-id="qpeTitleTag_feature_div" data-csa-c-asin="B0BXSRSC6K" data-csa-c-is-in-initial-active-row="false" data-csa-c-id="al3y49-4gugd4-buhlq2-drual1" data-cel-widget="qpeTitleTag_feature_div"></div>
<div id="bylineInfo_feature_div" class="celwidget" data-feature-name="bylineInfo" data-csa-c-type="widget" data-csa-c-content-id="bylineInfo" data-csa-c-slot-id="bylineInfo_feature_div" data-csa-c-asin="B0BXSRSC6K" data-csa-c-is-in-initial-active-row="false" data-csa-c-id="mgh089-fjnrd9-2ejww1-dzh5a2" data-cel-widget="bylineInfo_feature_div"></div>]]></description>
										<content:encoded><![CDATA[<h1 class="a-size-base-plus a-text-bold">Informazioni su questo articolo</h1>
<ul class="a-unordered-list a-vertical a-spacing-mini">
<li><span class="a-list-item">MATERIALE PREMIUM: la bottiglia d&#8217;acqua ad aria è realizzata in PC alimentare di alta qualità, bevi in ​​​​modo sicuro e sostenibile con la nostra bottiglia d&#8217;acqua riutilizzabile senza BPA. Ottimo per bere sano.</span></li>
<li><span class="a-list-item">Bottiglia d&#8217;acqua Flavorie con cannuccia: arieggia la bottiglia d&#8217;acqua con il profumo in modo da poter bere di più e raggiungere i tuoi obiettivi di fitness. Prova la bontà senza sensi di colpa.</span></li>
<li><span class="a-list-item">con 2 capsule ad aria: aromatizza la tua acqua come mai prima d&#8217;ora con il nostro pacchetto di 2 aromi incluso. Perfetto per una bevanda rinfrescante e salutare.</span></li>
<li><span class="a-list-item">Design a prova di perdite: la bottiglia d&#8217;acqua ad aria è dotata di un blocco di sicurezza e di un cappuccio ribaltabile per tenere fuori la polvere e prevenire fuoriuscite. Ottimo per la palestra, l&#8217;ufficio e le attività ricreative all&#8217;aperto.</span></li>
<li><span class="a-list-item">Acqua naturale o frizzante: Air Up Water Bottle scegli acqua naturale o frizzante per il meglio dei due mondi. Perfetto per ogni momento o occasione.</span></li>
</ul>
]]></content:encoded>
					
					<wfw:commentRss>./../../prodotto/bottiglia-dacqua-air-up/feed/index.html</wfw:commentRss>
			<slash:comments>0</slash:comments>
		
		
			</item>
	</channel>
</rss>
