<?xml version="1.0" encoding="UTF-8"?><rss version="2.0"
	xmlns:content="http://purl.org/rss/1.0/modules/content/"
	xmlns:wfw="http://wellformedweb.org/CommentAPI/"
	xmlns:dc="http://purl.org/dc/elements/1.1/"
	xmlns:atom="http://www.w3.org/2005/Atom"
	xmlns:sy="http://purl.org/rss/1.0/modules/syndication/"
	xmlns:slash="http://purl.org/rss/1.0/modules/slash/"
	
	xmlns:georss="http://www.georss.org/georss"
	xmlns:geo="http://www.w3.org/2003/01/geo/wgs84_pos#"
	>

<channel>
	<title>ciliegia &#8211; air up shop</title>
	<atom:link href="./index.html" rel="self" type="application/rss+xml" />
	<link>./../../../index.html</link>
	<description></description>
	<lastBuildDate>Wed, 22 Mar 2023 15:48:18 +0000</lastBuildDate>
	<language>it-IT</language>
	<sy:updatePeriod>
	hourly	</sy:updatePeriod>
	<sy:updateFrequency>
	1	</sy:updateFrequency>
	<generator>https://wordpress.org/?v=6.1.1</generator>
	<item>
		<title>Pod Tè alla pesca</title>
		<link>./../../../prodotto/pod-te-alla-pesca/index.html</link>
					<comments>./../../../prodotto/pod-te-alla-pesca/index.html#respond</comments>
		
		<dc:creator><![CDATA[dorin]]></dc:creator>
		<pubDate>Tue, 21 Mar 2023 14:53:53 +0000</pubDate>
				<guid isPermaLink="false">./../../../index.html?post_type=product#038;p=70</guid>

					<description><![CDATA[<h4>Pod air up® al gusto di Tè alla pesca (confezione da 3) - Grinta Estiva</h4>]]></description>
										<content:encoded><![CDATA[<ul>
<li>100% aromi naturali.</li>
<li>I Pod sono realizzati con materiali riciclabili.</li>
<li>Pod: in materiali riciclabili. Ogni Pod contiene al suo interno un tessuto imbevuto di un&#8217;aroma naturale.</li>
<li>Aroma: tutti gli aromi sono prodotti in Germania.</li>
</ul>
]]></content:encoded>
					
					<wfw:commentRss>./../../../prodotto/pod-te-alla-pesca/feed/index.html</wfw:commentRss>
			<slash:comments>0</slash:comments>
		
		
			</item>
	</channel>
</rss>
