<?xml version="1.0" encoding="UTF-8"?><rss version="2.0"
	xmlns:content="http://purl.org/rss/1.0/modules/content/"
	xmlns:wfw="http://wellformedweb.org/CommentAPI/"
	xmlns:dc="http://purl.org/dc/elements/1.1/"
	xmlns:atom="http://www.w3.org/2005/Atom"
	xmlns:sy="http://purl.org/rss/1.0/modules/syndication/"
	xmlns:slash="http://purl.org/rss/1.0/modules/slash/"
	
	xmlns:georss="http://www.georss.org/georss"
	xmlns:geo="http://www.w3.org/2003/01/geo/wgs84_pos#"
	>

<channel>
	<title>Senza categoria &#8211; air up shop</title>
	<atom:link href="./index.html" rel="self" type="application/rss+xml" />
	<link>./../../../index.html</link>
	<description></description>
	<lastBuildDate>Wed, 22 Mar 2023 14:49:53 +0000</lastBuildDate>
	<language>it-IT</language>
	<sy:updatePeriod>
	hourly	</sy:updatePeriod>
	<sy:updateFrequency>
	1	</sy:updateFrequency>
	<generator>https://wordpress.org/?v=6.1.1</generator>
	<item>
		<title>Bottiglia d&#8217;acqua Air up</title>
		<link>./../../../prodotto/bottiglia-dacqua-air-up-3/index.html</link>
					<comments>./../../../prodotto/bottiglia-dacqua-air-up-3/index.html#respond</comments>
		
		<dc:creator><![CDATA[dorin]]></dc:creator>
		<pubDate>Tue, 21 Mar 2023 14:44:14 +0000</pubDate>
				<guid isPermaLink="false">./../../../index.html?post_type=product#038;p=66</guid>

					<description><![CDATA[<div>
<div class="vim x-item-title" data-testid="x-item-title">
<h1 class="x-item-title__mainTitle"><span class="ux-textspans ux-textspans--BOLD">Air Up !! Borraccia verde Da 650ml + 3 Pods in omaggio Al limone !</span></h1>
</div>
</div>
<div class=""></div>]]></description>
										<content:encoded><![CDATA[<ul class="a-unordered-list a-vertical a-spacing-mini">
<li><span class="a-list-item">Realizzato in PC alimentare di alta qualità, riutilizzabile, sicuro e sano.</span></li>
<li><span class="a-list-item">La bottiglia d&#8217;acqua profuma la tua acqua, permettendoti di bere di più e raggiungere i tuoi obiettivi di fitness.</span></li>
<li><span class="a-list-item">Contiene 3 confezioni di aromi, perfette per bevande rinfrescanti e salutari.</span></li>
<li><span class="a-list-item">La bottiglia d&#8217;acqua è dotata di un blocco di sicurezza e di un cappuccio ribaltabile per tenere fuori la polvere e prevenire fuoriuscite.</span></li>
<li><span class="a-list-item">datto per alpinismo, corsa, fitness, yoga, ciclismo, guida a lunga distanza, viaggi, passeggiate, ecc.</span></li>
</ul>
]]></content:encoded>
					
					<wfw:commentRss>./../../../prodotto/bottiglia-dacqua-air-up-3/feed/index.html</wfw:commentRss>
			<slash:comments>0</slash:comments>
		
		
			</item>
		<item>
		<title>Bottiglia d&#8217;acqua Air up</title>
		<link>./../../../prodotto/bottiglia-dacqua-air-up-2/index.html</link>
					<comments>./../../../prodotto/bottiglia-dacqua-air-up-2/index.html#respond</comments>
		
		<dc:creator><![CDATA[dorin]]></dc:creator>
		<pubDate>Tue, 21 Mar 2023 14:40:51 +0000</pubDate>
				<guid isPermaLink="false">./../../../index.html?post_type=product#038;p=63</guid>

					<description><![CDATA[<div>
<div class="vim x-item-title" data-testid="x-item-title">
<h1 class="x-item-title__mainTitle"><span class="ux-textspans ux-textspans--BOLD">Air Up Originale !! Borraccia Azzurra Da 650ml + 3 Pods in omaggio Alla Pesca !</span></h1>
</div>
</div>
<div class=""></div>]]></description>
										<content:encoded><![CDATA[<h1 id="title" class="a-size-large a-spacing-none"><span id="productTitle" class="a-size-large product-title-word-break">Bottiglia d&#8217;acqua Air Up da 650 ml con 3 baccelli di sapore, bottiglia d&#8217;acqua profumata alla frutta con cannuccia, bottiglia d&#8217;acqua aromatizzata per la perdita di peso, 0 zucchero 0 calorie</span></h1>
]]></content:encoded>
					
					<wfw:commentRss>./../../../prodotto/bottiglia-dacqua-air-up-2/feed/index.html</wfw:commentRss>
			<slash:comments>0</slash:comments>
		
		
			</item>
	</channel>
</rss>
