<?xml version="1.0" encoding="UTF-8"?><rss version="2.0"
	xmlns:content="http://purl.org/rss/1.0/modules/content/"
	xmlns:wfw="http://wellformedweb.org/CommentAPI/"
	xmlns:dc="http://purl.org/dc/elements/1.1/"
	xmlns:atom="http://www.w3.org/2005/Atom"
	xmlns:sy="http://purl.org/rss/1.0/modules/syndication/"
	xmlns:slash="http://purl.org/rss/1.0/modules/slash/"
	
	xmlns:georss="http://www.georss.org/georss"
	xmlns:geo="http://www.w3.org/2003/01/geo/wgs84_pos#"
	>

<channel>
	<title>cola &#8211; air up shop</title>
	<atom:link href="./index.html" rel="self" type="application/rss+xml" />
	<link>./../../../index.html</link>
	<description></description>
	<lastBuildDate>Wed, 22 Mar 2023 15:42:38 +0000</lastBuildDate>
	<language>it-IT</language>
	<sy:updatePeriod>
	hourly	</sy:updatePeriod>
	<sy:updateFrequency>
	1	</sy:updateFrequency>
	<generator>https://wordpress.org/?v=6.1.1</generator>
	<item>
		<title>Pod Anguria</title>
		<link>./../../../prodotto/pod-anguria/index.html</link>
					<comments>./../../../prodotto/pod-anguria/index.html#respond</comments>
		
		<dc:creator><![CDATA[dorin]]></dc:creator>
		<pubDate>Tue, 21 Mar 2023 14:56:14 +0000</pubDate>
				<guid isPermaLink="false">./../../../index.html?post_type=product#038;p=73</guid>

					<description><![CDATA[<h4>Pod air up® al gusto di <b>all'anguria </b>(3-confezioni) – <b>Il cuore unico dell'anguria</b></h4>]]></description>
										<content:encoded><![CDATA[<div class="handle_product_description__sRqWT">
<p>L&#8217;interno dell&#8217;anguria ha uno dei gusti più deliziosi, rinfrescanti ed unici che ci siano. Ecco,il nostro nuovissimo Pod sprigona il gustosissimo sapore dell&#8217;anguria, senza la fatica di doverlo fare a fette! Con questa confezione da 3 Pod, puoi trasformare almeno 15 litri di semplice acqua in una bevanda dal gusto unico di anguria. Inoltre, la nostra confezione è mille volte più facile da aprire!</p>
<div class="builder-block builder-f709057c38e74ec4b32c8ad7ec2583cc css-0">
<div class="builder-block builder-a31fb597e68b464e8147c2ddb41a13f3 builder-has-component css-0">
<div class="">
<p><strong>Nota bene:</strong> Conservare in un luogo fresco ed asciutto. Da utilizzare esclusivamente con la bottiglia air up® e acqua.</p>
</div>
</div>
</div>
<div class="builder-block builder-b540a2647edd4c9bbfd739bcacc2a615 builder-has-component css-0"></div>
</div>
<div class="builder-component builder-component-7c38a5576ea021d6bd355dcb27a8cf1324bbea67929b2596f7b68caba7cc775b" data-name="section-template-detail-page" data-source="Rendered by Builder.io">
<div class="builder-content">
<div data-builder-component="section-template-detail-page" data-builder-content-id="7c38a5576ea021d6bd355dcb27a8cf1324bbea67929b2596f7b68caba7cc775b" data-builder-variation-id="7c38a5576ea021d6bd355dcb27a8cf1324bbea67929b2596f7b68caba7cc775b">
<div class="builder-blocks css-h47494">
<div class="builder-block builder-3bd036e975db4999a1f0cc5f1b74e88e builder-has-component css-1pqtj1z"></div>
</div>
</div>
</div>
</div>
]]></content:encoded>
					
					<wfw:commentRss>./../../../prodotto/pod-anguria/feed/index.html</wfw:commentRss>
			<slash:comments>0</slash:comments>
		
		
			</item>
	</channel>
</rss>
